username,fullName,email,password
ostrutley0,Otha Strutley,ostrutley0@google.it,5
mbrittle1,Maxim Brittle,mbrittle1@toplist.cz,139
bjenks2,Bel Jenks,bjenks2@ca.gov,79
izeal3,Ibbie Zeal,izeal3@vimeo.com,31
kkilday4,Katharine Kilday,kkilday4@upenn.edu,3
eouldcott5,Elnore Ouldcott,eouldcott5@a8.net,923
jstanbury6,Jyoti Stanbury,jstanbury6@ehow.com,8340
dripper7,Dory Ripper,dripper7@ocn.ne.jp,92928
psherman8,Pooh Sherman,psherman8@de.vu,336
cgarbutt9,Chrysler Garbutt,cgarbutt9@simplemachines.org,14687
lkubaneka,Lavinie Kubanek,lkubaneka@shareasale.com,6437
mconrardb,Marcelle Conrard,mconrardb@discuz.net,649
glawrinsonc,Giacobo Lawrinson,glawrinsonc@slate.com,6
pbiltond,Pen Bilton,pbiltond@timesonline.co.uk,62128
cbossonse,Cindelyn Bossons,cbossonse@canalblog.com,52822
dplayfairf,David Playfair,dplayfairf@rediff.com,5
kgaynorg,Kai Gaynor,kgaynorg@nba.com,570
ccancotth,Carlota Cancott,ccancotth@diigo.com,314
sgosdini,Stephanie Gosdin,sgosdini@jimdo.com,3414
aschistlj,Arabele Schistl,aschistlj@com.com,29
mellphk,Meredith Ellph,mellphk@privacy.gov.au,8086
imallingl,Ilyssa Malling,imallingl@free.fr,8858
tkeelym,Torey Keely,tkeelym@a8.net,577
hsidebothamn,Hazel Sidebotham,hsidebothamn@google.de,5480
econwello,Erin Conwell,econwello@eventbrite.com,69
dmiramsp,Dagmar Mirams,dmiramsp@bloglovin.com,167
grosbroughq,Gusti Rosbrough,grosbroughq@nbcnews.com,87123
enowickr,Ellsworth Nowick,enowickr@smh.com.au,2325
hgarrattys,Homere Garratty,hgarrattys@amazon.de,128
kjuoriot,Kristian Juorio,kjuoriot@craigslist.org,349
tgrigoriniu,Tomasina Grigorini,tgrigoriniu@apache.org,94
zstanyardv,Zak Stanyard,zstanyardv@google.com.br,64461
pvooghtw,Portia Vooght,pvooghtw@etsy.com,25
kspillettx,Kelsey Spillett,kspillettx@barnesandnoble.com,57593
ejenkinsy,Ethelyn Jenkins,ejenkinsy@upenn.edu,9
mivakhinz,Milzie Ivakhin,mivakhinz@t.co,42
bmacguire10,Brande Macguire,bmacguire10@virginia.edu,6004
rburchill11,Rodney Burchill,rburchill11@springer.com,9948
zhatrick12,Zea Hatrick,zhatrick12@scientificamerican.com,485
mruske13,Mariele Ruske,mruske13@apple.com,7705
fpleming14,Filip Pleming,fpleming14@cam.ac.uk,53
mpennington15,Mady Pennington,mpennington15@elegantthemes.com,9
kde16,Kathlin De Rye Barrett,kde16@skype.com,52140
wconnock17,Warner Connock,wconnock17@ted.com,6
hvannoort18,Halette Vannoort,hvannoort18@ucoz.com,72
oabbey19,Orel Abbey,oabbey19@webnode.com,5348
tanstey1a,Tally Anstey,tanstey1a@hhs.gov,8
agoodenough1b,Alma Goodenough,agoodenough1b@bbc.co.uk,86143
wbompass1c,Whitman Bompass,wbompass1c@topsy.com,79
jclere1d,Jefferey Clere,jclere1d@mail.ru,1
mortet1e,Margot Ortet,mortet1e@tmall.com,21256
iflott1f,Isaiah Flott,iflott1f@t.co,1
jmoody1g,Jehanna Moody,jmoody1g@odnoklassniki.ru,1
nsatterlee1h,Norri Satterlee,nsatterlee1h@un.org,1354
nmacak1i,Noell Macak,nmacak1i@ibm.com,371
ytitlow1j,Yorgos Titlow,ytitlow1j@liveinternet.ru,23
lrollinson1k,Leeann Rollinson,lrollinson1k@parallels.com,7
josullivan1l,Jocelyne O'Sullivan,josullivan1l@washingtonpost.com,53261
cladell1m,Clemmie Ladell,cladell1m@google.ca,3149
hstute1n,Herminia Stute,hstute1n@blinklist.com,414
vpindred1o,Vail Pindred,vpindred1o@posterous.com,25
oscheu1p,Oralle Scheu,oscheu1p@163.com,9
cbruhke1q,Charmion Bruhke,cbruhke1q@bloomberg.com,42
cpauler1r,Clive Pauler,cpauler1r@123-reg.co.uk,3
jharcarse1s,Jeramie Harcarse,jharcarse1s@theguardian.com,389
melsmere1t,Michaeline Elsmere,melsmere1t@webnode.com,608
ckerby1u,Cosme Kerby,ckerby1u@sakura.ne.jp,1
cjollie1v,Carly Jollie,cjollie1v@cnn.com,5569
hsnoding1w,Harland Snoding,hsnoding1w@yandex.ru,6570
oadams1x,Omar Adams,oadams1x@slideshare.net,6
rbrewood1y,Raynell Brewood,rbrewood1y@1und1.de,6388
rsacks1z,Roseann Sacks,rsacks1z@topsy.com,2
dfarreil20,Dilly Farreil,dfarreil20@amazon.de,785
seardley21,Shoshana Eardley,seardley21@github.com,0
ihorley22,Illa Horley,ihorley22@twitpic.com,49516
rcess23,Robinet Cess,rcess23@mayoclinic.com,3
cadshead24,Christiana Adshead,cadshead24@cdc.gov,98104
apollastrino25,Albie Pollastrino,apollastrino25@alexa.com,7953
mtack26,Morgen Tack,mtack26@sciencedaily.com,78030
eruggieri27,Elizabeth Ruggieri,eruggieri27@tinyurl.com,6462
enanninini28,Ezequiel Nanninini,enanninini28@baidu.com,781
cwinscomb29,Ceil Winscomb,cwinscomb29@nasa.gov,5
saynscombe2a,Silvana Aynscombe,saynscombe2a@businessweek.com,126
csharman2b,Cynthy Sharman,csharman2b@unesco.org,63
hjameson2c,Horace Jameson,hjameson2c@clickbank.net,7693
hgilleson2d,Hilary Gilleson,hgilleson2d@yellowbook.com,702
ggauge2e,Gary Gauge,ggauge2e@columbia.edu,894
heastby2f,Hersh Eastby,heastby2f@cargocollective.com,178
bvaulkhard2g,Bettine Vaulkhard,bvaulkhard2g@google.de,6803
showsin2h,Sylas Howsin,showsin2h@wunderground.com,5196
cgonzales2i,Candy Gonzales,cgonzales2i@friendfeed.com,493
tdumper2j,Trish Dumper,tdumper2j@unesco.org,240
bmcneish2k,Barth McNeish,bmcneish2k@engadget.com,6739
rlevett2l,Robinson Levett,rlevett2l@drupal.org,24630
cfowden2m,Conway Fowden,cfowden2m@reddit.com,3
landreia2n,Lefty Andreia,landreia2n@ibm.com,6554
nnevett2o,Nathalia Nevett,nnevett2o@ted.com,579
djellyman2p,Domeniga Jellyman,djellyman2p@biblegateway.com,5168
schilles2q,Sancho Chilles,schilles2q@howstuffworks.com,9325
ttrevan2r,Tilly Trevan,ttrevan2r@discovery.com,59
