username,fullName,email,password
gbarrick0,Gaynor Barrick,gbarrick0@cloudflare.com,79230
ebenner1,Evania Benner,ebenner1@nasa.gov,8660
astiven2,Alfred Stiven,astiven2@nyu.edu,3637
cshouler3,Charmane Shouler,cshouler3@google.com.hk,78
bpatsall4,Bern Patsall,bpatsall4@furl.net,1680
kbenbough5,Kai Benbough,kbenbough5@netvibes.com,45845
bcoutts6,Berti Coutts,bcoutts6@vinaora.com,2
nmathes7,Nelia Mathes,nmathes7@simplemachines.org,38
amattioni8,Abby Mattioni,amattioni8@tumblr.com,43314
oollerearnshaw9,Odelle Ollerearnshaw,oollerearnshaw9@is.gd,9
ddottridgea,Dillon Dottridge,ddottridgea@google.co.jp,54747
npaudinb,Nona Paudin,npaudinb@examiner.com,53
rchantillonc,Rowen Chantillon,rchantillonc@g.co,5317
adownerd,Adelheid Downer,adownerd@discovery.com,4450
jlockyere,Jobina Lockyer,jlockyere@answers.com,274
lbessettf,Laraine Bessett,lbessettf@weather.com,8
ptotheg,Percy Tothe,ptotheg@zdnet.com,65919
cskirvinh,Charlena Skirvin,cskirvinh@drupal.org,285
cpagini,Cristy Pagin,cpagini@addtoany.com,150
dbrimilcomej,Devlen Brimilcome,dbrimilcomej@weebly.com,6061
zsoutherillk,Zilvia Southerill,zsoutherillk@geocities.com,85
amoricanl,Arlene Morican,amoricanl@bloglovin.com,31
eeykelhofm,Elwin Eykelhof,eeykelhofm@storify.com,9
drobbertsn,Devin Robberts,drobbertsn@devhub.com,6935
ldaggo,Laurie Dagg,ldaggo@booking.com,68616
hludvigsenp,Huey Ludvigsen,hludvigsenp@vimeo.com,499
itassellq,Isaac Tassell,itassellq@bigcartel.com,9570
kbestarr,Kimball Bestar,kbestarr@purevolume.com,679
fdeguaras,Feliza Deguara,fdeguaras@dedecms.com,21754
tpoultont,Tamara Poulton,tpoultont@google.pl,27
mlaybournu,Myrle Laybourn,mlaybournu@theglobeandmail.com,70
gmacgibbonv,Gracia MacGibbon,gmacgibbonv@gravatar.com,452
rvantw,Rustie Vant,rvantw@chicagotribune.com,27835
lglisanex,Lyndel Glisane,lglisanex@webmd.com,78206
ldownery,Lenci Downer,ldownery@va.gov,07
estockdalez,Erie Stockdale,estockdalez@slashdot.org,43
toflannery10,Thaine O'Flannery,toflannery10@indiatimes.com,24
saleksandrov11,Sherwood Aleksandrov,saleksandrov11@taobao.com,7933
ctingey12,Cobb Tingey,ctingey12@studiopress.com,5996
aklimontovich13,Anders Klimontovich,aklimontovich13@msu.edu,1
mswaysland14,Malia Swaysland,mswaysland14@goodreads.com,3
agurner15,Aubree Gurner,agurner15@sfgate.com,0
gpingston16,Gael Pingston,gpingston16@vimeo.com,24
sjeffels17,Scott Jeffels,sjeffels17@miibeian.gov.cn,54
jtrees18,Jonas Trees,jtrees18@bloglovin.com,9
lpote19,Lonny Pote,lpote19@chicagotribune.com,2
nfoggarty1a,Nadia Foggarty,nfoggarty1a@vkontakte.ru,3194
tgredden1b,Tybie Gredden,tgredden1b@hugedomains.com,1
vrock1c,Vanni Rock,vrock1c@booking.com,0503
smoreland1d,Sheila Moreland,smoreland1d@umn.edu,64
edoerr1e,Evonne Doerr,edoerr1e@ftc.gov,12984
tantuoni1f,Tania Antuoni,tantuoni1f@blogger.com,3611
pbangiard1g,Perla Bangiard,pbangiard1g@4shared.com,4190
zfellow1h,Zonnya Fellow,zfellow1h@harvard.edu,2
msibbs1i,Mycah Sibbs,msibbs1i@nasa.gov,4
pyarham1j,Paige Yarham,pyarham1j@spiegel.de,60
crandell1k,Celene Randell,crandell1k@harvard.edu,05247
fstiffell1l,Florian Stiffell,fstiffell1l@marriott.com,73
crussell1m,Carissa Russell,crussell1m@answers.com,14
vburman1n,Verney Burman,vburman1n@accuweather.com,54
dhenstridge1o,Dilan Henstridge,dhenstridge1o@google.com.hk,61
dgarrard1p,Dan Garrard,dgarrard1p@theatlantic.com,7661
hfane1q,Hansiain Fane,hfane1q@opensource.org,29
cbutt1r,Cyndy Butt Gow,cbutt1r@tinyurl.com,65
jsnedden1s,Jarret Snedden,jsnedden1s@163.com,5678
mwildes1t,Marjory Wildes,mwildes1t@vistaprint.com,2566
kjillett1u,Karyn Jillett,kjillett1u@tumblr.com,4
araitie1v,Anstice Raitie,araitie1v@microsoft.com,64
airwin1w,Anjela Irwin,airwin1w@state.gov,491
drykert1x,Dion Rykert,drykert1x@bing.com,0
mvinter1y,Marlena Vinter,mvinter1y@hexun.com,2725
eaitchison1z,Edythe Aitchison,eaitchison1z@1688.com,220
llidierth20,Levi Lidierth,llidierth20@behance.net,9
brapin21,Byron Rapin,brapin21@house.gov,219
dshower22,Dotti Shower,dshower22@cocolog-nifty.com,2
ccamois23,Cristionna Camois,ccamois23@cafepress.com,9392
rcumesky24,Rosana Cumesky,rcumesky24@wikipedia.org,58
cmalletratt25,Constantino Malletratt,cmalletratt25@mozilla.com,0
amicklewright26,Almeria Micklewright,amicklewright26@harvard.edu,0
hweddeburn27,Homerus Weddeburn - Scrimgeour,hweddeburn27@apache.org,28
widdens28,Westleigh Iddens,widdens28@theglobeandmail.com,15728
mkuhnke29,Matty Kuhnke,mkuhnke29@accuweather.com,94
jmidford2a,Javier Midford,jmidford2a@indiatimes.com,3043
hbatrip2b,Hilton Batrip,hbatrip2b@admin.ch,71
srouge2c,Stan Rouge,srouge2c@surveymonkey.com,9
fjacqueminet2d,Floria Jacqueminet,fjacqueminet2d@digg.com,82673
tpetkovic2e,Teirtza Petkovic,tpetkovic2e@howstuffworks.com,00948
vmcginnis2f,Veriee McGinnis,vmcginnis2f@indiatimes.com,6524
piapico2g,Peyton Iapico,piapico2g@senate.gov,2964
clipmann2h,Cathi Lipmann,clipmann2h@nydailynews.com,1483
jodoherty2i,Joshia O'Doherty,jodoherty2i@blogspot.com,253
lyell2j,Leonanie Yell,lyell2j@amazon.co.jp,69
amack2k,Aguistin Mack,amack2k@archive.org,8678
cconford2l,Clevie Conford,cconford2l@nhs.uk,9
bfavell2m,Boony Favell,bfavell2m@tinypic.com,7171
zmcreynolds2n,Zarla McReynolds,zmcreynolds2n@scientificamerican.com,50
pcarden2o,Pat Carden,pcarden2o@ameblo.jp,54
dsiene2p,Demetri Siene,dsiene2p@reverbnation.com,87394
jleare2q,Jeffie Leare,jleare2q@auda.org.au,9
wbigley2r,Wilburt Bigley,wbigley2r@redcross.org,2883
hhasnip2s,Herminia Hasnip,hhasnip2s@smugmug.com,1
frewcassell2t,Fanni Rewcassell,frewcassell2t@mapy.cz,32
mbarradell2u,Mickey Barradell,mbarradell2u@geocities.com,331
dtaynton2v,Denney Taynton,dtaynton2v@bing.com,4479
mtrevers2w,Maxwell Trevers,mtrevers2w@comsenz.com,89
rrubanenko2x,Ray Rubanenko,rrubanenko2x@soundcloud.com,357
slarkworthy2y,Somerset Larkworthy,slarkworthy2y@umich.edu,1
erugieri2z,Efrem Rugieri,erugieri2z@irs.gov,3
tholberry30,Trescha Holberry,tholberry30@seesaa.net,8
slegges31,Stanfield Legges,slegges31@wsj.com,49
fwilkins32,Federico Wilkins,fwilkins32@bloglines.com,31836
ahanhart33,Aldo Hanhart,ahanhart33@tuttocitta.it,80976
gcuberley34,Garner Cuberley,gcuberley34@indiatimes.com,189
nkalker35,Nev Kalker,nkalker35@auda.org.au,471
yrippingale36,Yovonnda Rippingale,yrippingale36@yale.edu,4255
gfedder37,Gilberta Fedder,gfedder37@springer.com,1650
sde38,Silvie De Winton,sde38@biglobe.ne.jp,64104
pbowring39,Paddie Bowring,pbowring39@omniture.com,5662
acorps3a,Alexandr Corps,acorps3a@webs.com,14426
rstanworth3b,Raymond Stanworth,rstanworth3b@google.nl,22
cribbens3c,Candice Ribbens,cribbens3c@shutterfly.com,3364
jbye3d,Jaime Bye,jbye3d@ameblo.jp,24101
frayman3e,Fidel Rayman,frayman3e@twitpic.com,7
mshillan3f,Mayne Shillan,mshillan3f@paypal.com,9208
awhitehurst3g,Ashlen Whitehurst,awhitehurst3g@51.la,41605
abeacock3h,Aldwin Beacock,abeacock3h@tinypic.com,996
mbecks3i,Mellie Becks,mbecks3i@howstuffworks.com,17
jmaclese3j,Juan MacLese,jmaclese3j@tamu.edu,835
jstorah3k,Jackquelin Storah,jstorah3k@twitpic.com,09987
rforgie3l,Rona Forgie,rforgie3l@state.tx.us,0
lsattin3m,Latisha Sattin,lsattin3m@privacy.gov.au,2
yeskrigg3n,Yankee Eskrigg,yeskrigg3n@dyndns.org,91451
sjunkin3o,Stephanus Junkin,sjunkin3o@delicious.com,61
crestorick3p,Charin Restorick,crestorick3p@skyrock.com,76
fblooman3q,Florence Blooman,fblooman3q@weibo.com,1749
mspeedin3r,Miran Speedin,mspeedin3r@dmoz.org,6
hkarlqvist3s,Hagan Karlqvist,hkarlqvist3s@meetup.com,662
jbenko3t,Juditha Benko,jbenko3t@g.co,522
tnaish3u,Thain Naish,tnaish3u@canalblog.com,83120
pcorton3v,Perrine Corton,pcorton3v@ucla.edu,94
phexter3w,Phyllida Hexter,phexter3w@google.com.au,8302
gmakepeace3x,Genna Makepeace,gmakepeace3x@eventbrite.com,9
mfritchley3y,Mandie Fritchley,mfritchley3y@tripadvisor.com,5
lnewlands3z,Lucius Newlands,lnewlands3z@eepurl.com,69
cborrie40,Curry Borrie,cborrie40@mail.ru,01497
lcrucitti41,Lula Crucitti,lcrucitti41@fotki.com,3
lbiggam42,Ludwig Biggam,lbiggam42@nasa.gov,66
mkubal43,Margareta Kubal,mkubal43@typepad.com,3
cdegnen44,Cullan Degnen,cdegnen44@mozilla.org,337
pdulanty45,Pooh Dulanty,pdulanty45@free.fr,495
tkinane46,Tansy Kinane,tkinane46@blogger.com,1482
ghaborn47,Gerardo Haborn,ghaborn47@skype.com,4673
iable48,Issie Able,iable48@list-manage.com,4
psarginson49,Padriac Sarginson,psarginson49@theatlantic.com,28
ldimitrie4a,Luciana Dimitrie,ldimitrie4a@tinyurl.com,35
mdorbin4b,Mari Dorbin,mdorbin4b@parallels.com,153
nbickersteth4c,Normie Bickersteth,nbickersteth4c@taobao.com,17272
ksomes4d,Kristian Somes,ksomes4d@shutterfly.com,3167
rtelford4e,Roslyn Telford,rtelford4e@theatlantic.com,1294
edahill4f,Ester Dahill,edahill4f@cocolog-nifty.com,8
vwybourne4g,Virge Wybourne,vwybourne4g@geocities.com,3
pvinnick4h,Powell Vinnick,pvinnick4h@kickstarter.com,5482
ldjuricic4i,Lucienne Djuricic,ldjuricic4i@admin.ch,8734
jpendre4j,Justinian Pendre,jpendre4j@nih.gov,76500
avallack4k,Abel Vallack,avallack4k@studiopress.com,6088
eneubigin4l,Elsa Neubigin,eneubigin4l@ameblo.jp,2
kcrompton4m,Krispin Crompton,kcrompton4m@ihg.com,17
carmsden4n,Cosette Armsden,carmsden4n@sfgate.com,1
swythill4o,Sarene Wythill,swythill4o@cyberchimps.com,9780
lizon4p,Lori Izon,lizon4p@smh.com.au,04963
cde4q,Claudetta De Haven,cde4q@dmoz.org,979
gbampkin4r,Gordy Bampkin,gbampkin4r@si.edu,4944
cpendered4s,Chance Pendered,cpendered4s@examiner.com,5
aroust4t,Adi Roust,aroust4t@vinaora.com,91
ablais4u,Alisander Blais,ablais4u@google.it,78408
shammel4v,Serena Hammel,shammel4v@shop-pro.jp,8629
ctollmache4w,Chantalle Tollmache,ctollmache4w@illinois.edu,86006
dboat4x,Dell Boat,dboat4x@a8.net,89
cberthon4y,Chandal Berthon,cberthon4y@ehow.com,215
mtarling4z,Mirabelle Tarling,mtarling4z@hc360.com,2381
kharvard50,Kerwinn Harvard,kharvard50@nps.gov,1
ckeavy51,Carie Keavy,ckeavy51@biblegateway.com,7213
lmcphelim52,Lona McPhelim,lmcphelim52@utexas.edu,62
cpach53,Chris Pach,cpach53@trellian.com,00968
koneill54,Kent Oneill,koneill54@google.cn,70
lcranmer55,Leigh Cranmer,lcranmer55@upenn.edu,7
matkins56,Melvin Atkins,matkins56@gnu.org,11510
sfilisov57,Shalne Filisov,sfilisov57@reverbnation.com,9904
edaelman58,Elmira Daelman,edaelman58@sun.com,03109
jkarp59,Jeniece Karp,jkarp59@php.net,56
chercules5a,Chryste Hercules,chercules5a@tamu.edu,10114
astorton5b,Abramo Storton,astorton5b@examiner.com,34
ndrysdall5c,Nessa Drysdall,ndrysdall5c@com.com,8
mstudart5d,Melina Studart,mstudart5d@dropbox.com,4541
yevill5e,Yvette Evill,yevill5e@sakura.ne.jp,48
pmacgragh5f,Price MacGragh,pmacgragh5f@biglobe.ne.jp,0187
wtoop5g,Whittaker Toop,wtoop5g@forbes.com,7
jbaylis5h,Jordan Baylis,jbaylis5h@hubpages.com,0882
csexon5i,Cherice Sexon,csexon5i@ehow.com,2
ldelepine5j,Lloyd Delepine,ldelepine5j@army.mil,7
alaxon5k,Adrianna Laxon,alaxon5k@sfgate.com,0435
ptick5l,Pris Tick,ptick5l@webs.com,69752
psirett5m,Pearce Sirett,psirett5m@upenn.edu,112
rkernocke5n,Raquela Kernocke,rkernocke5n@sciencedirect.com,955
gredsull5o,Grayce Redsull,gredsull5o@timesonline.co.uk,34000
gdavidzon5p,Guy Davidzon,gdavidzon5p@chronoengine.com,9848
klaytham5q,Katina Laytham,klaytham5q@cocolog-nifty.com,8320
pmcallaster5r,Prudi McAllaster,pmcallaster5r@wsj.com,4
gjakab5s,Guillemette Jakab,gjakab5s@dailymail.co.uk,751
mscola5t,Mozes Scola,mscola5t@uol.com.br,2
rjarrold5u,Rikki Jarrold,rjarrold5u@icq.com,926
ekrelle5v,Emmalynn Krelle,ekrelle5v@smugmug.com,33654
ggreenstock5w,Giordano Greenstock,ggreenstock5w@bbc.co.uk,1
gmoulding5x,Ginnifer Moulding,gmoulding5x@redcross.org,8
srosenblatt5y,Stepha Rosenblatt,srosenblatt5y@csmonitor.com,3513
hgask5z,Harlin Gask,hgask5z@ocn.ne.jp,7688
sprys60,Salvidor Prys,sprys60@privacy.gov.au,75
dhows61,Dominga Hows,dhows61@deliciousdays.com,4
futtridge62,Flinn Uttridge,futtridge62@columbia.edu,5352
bmckerlie63,Bari McKerlie,bmckerlie63@adobe.com,4444
fselkirk64,Fawne Selkirk,fselkirk64@cornell.edu,84
etodd65,Ermin Todd,etodd65@hc360.com,4
amercik66,Alleyn Mercik,amercik66@acquirethisname.com,45301
sdering67,Symon Dering,sdering67@ameblo.jp,6
gsummerson68,Griffin Summerson,gsummerson68@free.fr,38
ljanecek69,Laird Janecek,ljanecek69@issuu.com,4
vrasp6a,Valera Rasp,vrasp6a@sitemeter.com,84
fblacklawe6b,Fanchon Blacklawe,fblacklawe6b@infoseek.co.jp,8
ccowup6c,Courtnay Cowup,ccowup6c@cisco.com,0
smcduall6d,Salome McDuall,smcduall6d@soup.io,93
tlecordier6e,Trina Lecordier,tlecordier6e@51.la,71847
sacres6f,Sigismund Acres,sacres6f@telegraph.co.uk,57071
amccrackan6g,Addi McCrackan,amccrackan6g@pinterest.com,84
rwhalebelly6h,Remington Whalebelly,rwhalebelly6h@dailymotion.com,189
atrinbey6i,Anjela Trinbey,atrinbey6i@a8.net,88712
tlowden6j,Trude Lowden,tlowden6j@diigo.com,8841
glidgard6k,Gates Lidgard,glidgard6k@thetimes.co.uk,40
nlloyds6l,Nadia Lloyds,nlloyds6l@sina.com.cn,2589
hpreto6m,Haleigh Preto,hpreto6m@aol.com,706
ashine6n,Ania Shine,ashine6n@prnewswire.com,066
qguierre6o,Quinn Guierre,qguierre6o@apple.com,23
gruddiman6p,Georas Ruddiman,gruddiman6p@moonfruit.com,7
eberends6q,Ezri Berends,eberends6q@census.gov,9
lsimmons6r,Leora Simmons,lsimmons6r@wikia.com,93
fskitral6s,Forest Skitral,fskitral6s@mapy.cz,90
lhalfhead6t,Letti Halfhead,lhalfhead6t@usatoday.com,89382
hcutteridge6u,Herculie Cutteridge,hcutteridge6u@bigcartel.com,7543
hthemann6v,Harald Themann,hthemann6v@issuu.com,3
eeingerfield6w,Erie Eingerfield,eeingerfield6w@weibo.com,71
awoodgate6x,Avictor Woodgate,awoodgate6x@columbia.edu,04
akinch6y,Adi Kinch,akinch6y@redcross.org,40625
chenden6z,Caleb Henden,chenden6z@mail.ru,3
okeilty70,Orbadiah Keilty,okeilty70@washington.edu,6
grutt71,Gwenore Rutt,grutt71@webs.com,7
aferandez72,Aharon Ferandez,aferandez72@ucoz.com,223
jlownie73,Johan Lownie,jlownie73@macromedia.com,6337
tdunbleton74,Tonie Dunbleton,tdunbleton74@sun.com,58
gdedon75,Gladys Dedon,gdedon75@apache.org,5
ehuckin76,Enrico Huckin,ehuckin76@cpanel.net,6
agianiello77,Agna Gianiello,agianiello77@w3.org,96
emacterrelly78,Ellswerth MacTerrelly,emacterrelly78@tinypic.com,8
ydunlea79,Yetta Dunlea,ydunlea79@usa.gov,4619
creddie7a,Christabella Reddie,creddie7a@paypal.com,3876
dczadla7b,Douglass Czadla,dczadla7b@topsy.com,440
hstobart7c,Hewie Stobart,hstobart7c@unc.edu,1
ogencke7d,Ola Gencke,ogencke7d@infoseek.co.jp,05331
dbayle7e,Dougie Bayle,dbayle7e@123-reg.co.uk,07584
aibbs7f,Alis Ibbs,aibbs7f@apache.org,2373
doutridge7g,Doris Outridge,doutridge7g@behance.net,15
gdeacock7h,Gregoor Deacock,gdeacock7h@mapy.cz,908
trushford7i,Thornton Rushford,trushford7i@comsenz.com,9223
cpidon7j,Clarita Pidon,cpidon7j@yellowpages.com,4516
bpeat7k,Buckie Peat,bpeat7k@netvibes.com,3
bcaswell7l,Beatriz Caswell,bcaswell7l@ycombinator.com,86
bposse7m,Baird Posse,bposse7m@nature.com,64589
bsparhawk7n,Bron Sparhawk,bsparhawk7n@xing.com,281
hort7o,Hali Ort,hort7o@slate.com,772
zbaildon7p,Zabrina Baildon,zbaildon7p@w3.org,7
dnerney7q,Dian Nerney,dnerney7q@ted.com,2
gcumming7r,Gael Cumming,gcumming7r@cbc.ca,2648
nbranscombe7s,Neille Branscombe,nbranscombe7s@themeforest.net,69455
mchellam7t,Miles Chellam,mchellam7t@exblog.jp,8
cwhatham7u,Celine Whatham,cwhatham7u@boston.com,70377
wgantlett7v,Wenona Gantlett,wgantlett7v@fotki.com,2636
mquidenham7w,Mabelle Quidenham,mquidenham7w@jiathis.com,17
pcaig7x,Philipa Caig,pcaig7x@webnode.com,89240
cspeck7y,Cati Speck,cspeck7y@marketwatch.com,6
sasey7z,Sarge Asey,sasey7z@weather.com,8624
lcrasford80,Lucias Crasford,lcrasford80@networksolutions.com,828
ekroin81,Edgar Kroin,ekroin81@paypal.com,1
mperin82,Mellicent Perin,mperin82@webnode.com,1142
hsoule83,Humfrey Soule,hsoule83@bloglines.com,56504
bcordall84,Bendite Cordall,bcordall84@cpanel.net,4636
wcatterall85,Wiatt Catterall,wcatterall85@last.fm,4754
eramm86,Elspeth Ramm,eramm86@facebook.com,4425
mthirtle87,Merwin Thirtle,mthirtle87@chron.com,66365
bvassbender88,Barbra Vassbender,bvassbender88@timesonline.co.uk,5807
nstarrs89,Nannie Starrs,nstarrs89@t.co,058
rbanstead8a,Rodger Banstead,rbanstead8a@ca.gov,1
mlorie8b,Manda Lorie,mlorie8b@devhub.com,11773
bmcpeck8c,Benedetta McPeck,bmcpeck8c@huffingtonpost.com,988
urenoden8d,Ursala Renoden,urenoden8d@cbslocal.com,467
mkeatley8e,Myles Keatley,mkeatley8e@live.com,82
esurgeoner8f,Eli Surgeoner,esurgeoner8f@yellowbook.com,929
chalburton8g,Celesta Halburton,chalburton8g@state.tx.us,840
dhickin8h,Doralia Hickin,dhickin8h@oaic.gov.au,9
mhenkmann8i,Moise Henkmann,mhenkmann8i@wsj.com,75387
awooderson8j,Annnora Wooderson,awooderson8j@sakura.ne.jp,02
jcasassa8k,Jobina Casassa,jcasassa8k@google.cn,11621
lcurnnokk8l,Lothario Curnnokk,lcurnnokk8l@mit.edu,60904
tboyce8m,Teresita Boyce,tboyce8m@blinklist.com,62792
acurnucke8n,Ashly Curnucke,acurnucke8n@theguardian.com,67921
zrobottom8o,Zollie Robottom,zrobottom8o@zimbio.com,7248
aburberye8p,Aldrich Burberye,aburberye8p@ameblo.jp,28
jodooghaine8q,Joachim O'Dooghaine,jodooghaine8q@liveinternet.ru,10
jbilovus8r,Joyous Bilovus,jbilovus8r@prweb.com,3687
jchasney8s,Juli Chasney,jchasney8s@oakley.com,014
pnetting8t,Petr Netting,pnetting8t@google.ca,96279
fshea8u,Fonz Shea,fshea8u@cloudflare.com,681
smoulsdall8v,Shauna Moulsdall,smoulsdall8v@admin.ch,2537
ramey8w,Ricard Amey,ramey8w@vimeo.com,4
hdankov8x,Harli Dankov,hdankov8x@google.es,7381
tcammack8y,Thalia Cammack,tcammack8y@nyu.edu,903
rghelardoni8z,Robers Ghelardoni,rghelardoni8z@unicef.org,5
ndickons90,Noellyn Dickons,ndickons90@zdnet.com,3037
jadenot91,Joly Adenot,jadenot91@bravesites.com,184
qweeke92,Querida Weeke,qweeke92@sakura.ne.jp,7743
pcrame93,Paula Crame,pcrame93@rakuten.co.jp,611
aerwin94,Aubrey Erwin,aerwin94@dell.com,6944
nyoung95,Nahum Young,nyoung95@sphinn.com,95075
clinger96,Cari Linger,clinger96@sphinn.com,9
sparsonson97,Shelli Parsonson,sparsonson97@woothemes.com,257
ccossor98,Cordelie Cossor,ccossor98@github.io,7012
jwhaites99,Jennilee Whaites,jwhaites99@adobe.com,8601
tmor9a,Terrijo Mor,tmor9a@youtube.com,98
dpeschet9b,Durand Peschet,dpeschet9b@t-online.de,10
gmatthewson9c,Gabrielle Matthewson,gmatthewson9c@mapquest.com,56
wbrahan9d,Wainwright Brahan,wbrahan9d@tiny.cc,67520
sdaal9e,Sollie Daal,sdaal9e@gnu.org,518
achristofe9f,Ange Christofe,achristofe9f@flavors.me,30517
kvossing9g,Kirk Vossing,kvossing9g@cloudflare.com,01
phartas9h,Pam Hartas,phartas9h@chronoengine.com,601
wlesmonde9i,Willie Lesmonde,wlesmonde9i@arstechnica.com,8510
tpanchen9j,Tonia Panchen,tpanchen9j@msu.edu,42
aelcocks9k,Adella Elcocks,aelcocks9k@discovery.com,07575
cantoniades9l,Coriss Antoniades,cantoniades9l@themeforest.net,119
cbrundale9m,Cami Brundale,cbrundale9m@wufoo.com,52
lgeratasch9n,Lotte Geratasch,lgeratasch9n@tinyurl.com,7
grappa9o,Giustina Rappa,grappa9o@phoca.cz,830
lhudel9p,Linda Hudel,lhudel9p@uol.com.br,14
nlawman9q,Nicol Lawman,nlawman9q@foxnews.com,57142
ebrookson9r,Eryn Brookson,ebrookson9r@samsung.com,19
tsweetmore9s,Tracy Sweetmore,tsweetmore9s@networksolutions.com,47
sfalls9t,See Falls,sfalls9t@mozilla.org,162
adrepp9u,Althea Drepp,adrepp9u@gov.uk,5
cdabell9v,Celle Dabell,cdabell9v@un.org,1706
abenasik9w,Alfreda Benasik,abenasik9w@slashdot.org,89
ejancey9x,Enid Jancey,ejancey9x@altervista.org,203
ddissman9y,Doralin Dissman,ddissman9y@sun.com,1
gembury9z,Gill Embury,gembury9z@google.fr,55250
pgeckea0,Pierette Gecke,pgeckea0@house.gov,3
kselmana1,Kathlin Selman,kselmana1@dagondesign.com,4
wwoolfalla2,Wilden Woolfall,wwoolfalla2@ow.ly,15
ffrarya3,Franklin Frary,ffrarya3@github.io,5762
pffoulkesa4,Paulette Ffoulkes,pffoulkesa4@51.la,68
ltuftina5,Lilas Tuftin,ltuftina5@chron.com,50130
kburbudgea6,Kim Burbudge,kburbudgea6@arizona.edu,0658
fjouannissona7,Fonsie Jouannisson,fjouannissona7@imgur.com,77
sbrommagea8,Skye Brommage,sbrommagea8@mac.com,2
myurmanoveva9,Moe Yurmanovev,myurmanoveva9@canalblog.com,5514
bglasseraa,Bruno Glasser,bglasseraa@tripadvisor.com,726
gbennoughab,Griffie Bennough,gbennoughab@t-online.de,6379
blongfutac,Burnaby Longfut,blongfutac@deliciousdays.com,17
zstrondad,Zoe Strond,zstrondad@ebay.com,0126
hllopae,Hadria Llop,hllopae@businessinsider.com,25
ngraingeraf,Nady Grainger,ngraingeraf@tripadvisor.com,9073
jromaninag,Judith Romanin,jromaninag@ameblo.jp,7
jdowryah,Julita Dowry,jdowryah@huffingtonpost.com,775
rwhiskinai,Randell Whiskin,rwhiskinai@psu.edu,9
jparlouraj,Jemimah Parlour,jparlouraj@noaa.gov,52
ssleanyak,Starlin Sleany,ssleanyak@ucoz.ru,33979
nleregoal,Nadean Lerego,nleregoal@ed.gov,0
wcarolanam,Wally Carolan,wcarolanam@indiatimes.com,7845
wgreenardan,Walden Greenard,wgreenardan@ibm.com,4687
bscamadenao,Burt Scamaden,bscamadenao@state.tx.us,23
vpatekap,Von Patek,vpatekap@irs.gov,0
ftadmanaq,Filberte Tadman,ftadmanaq@europa.eu,761
gbiasiar,Gaven Biasi,gbiasiar@amazon.de,95912
dchaplingas,Dorice Chapling,dchaplingas@mysql.com,3949
dbrooseat,Duke Broose,dbrooseat@w3.org,6
bgroseau,Bartholomeus Grose,bgroseau@eventbrite.com,3222
dgoldsteinav,Duke Goldstein,dgoldsteinav@edublogs.org,9495
mclaeskensaw,Maximilianus Claeskens,mclaeskensaw@state.gov,3986
phoveax,Pete Hove,phoveax@ft.com,5
ccauderlieay,Caro Cauderlie,ccauderlieay@booking.com,89
rpiscotaz,Royal Piscot,rpiscotaz@marriott.com,9
ereveleyb0,Estrellita Reveley,ereveleyb0@weather.com,79657
awoodwinb1,Avivah Woodwin,awoodwinb1@1688.com,3
tbuseb2,Thorvald Buse,tbuseb2@parallels.com,32218
dstampeb3,Daisey Stampe,dstampeb3@mozilla.org,25074
caslumb4,Chris Aslum,caslumb4@cnbc.com,9293
centreisb5,Corissa Entreis,centreisb5@mail.ru,3045
cdodellb6,Corrine Dodell,cdodellb6@1688.com,68976
mandricb7,Malissa Andric,mandricb7@bloglovin.com,6430
grearieb8,Griz Rearie,grearieb8@icio.us,18
shamnerb9,Saw Hamner,shamnerb9@smugmug.com,937
swickhamba,Suzann Wickham,swickhamba@europa.eu,5
wwimmersbb,Wiley Wimmers,wwimmersbb@marriott.com,07
rloudianebc,Reece Loudiane,rloudianebc@marketwatch.com,38183
gebertzbd,Gwendolen Ebertz,gebertzbd@infoseek.co.jp,191
lsoreaube,Lesley Soreau,lsoreaube@surveymonkey.com,1817
zcardisbf,Zacharias Cardis,zcardisbf@vistaprint.com,642
gdowbg,Gavin Dow,gdowbg@patch.com,22127
bvickressbh,Bren Vickress,bvickressbh@youku.com,3781
jmcveebi,Jonas McVee,jmcveebi@geocities.jp,944
arembrandtbj,Alejoa Rembrandt,arembrandtbj@earthlink.net,4
iredfearnbk,Iolanthe Redfearn,iredfearnbk@yale.edu,517
shammerbergbl,Salem Hammerberg,shammerbergbl@cnet.com,6
odimmerbm,Osborn Dimmer,odimmerbm@umn.edu,75064
lmalenoirbn,Leonerd Malenoir,lmalenoirbn@chronoengine.com,14
mwoodruffbo,Micaela Woodruff,mwoodruffbo@bbc.co.uk,99
dhortbp,Delcina Hort,dhortbp@msn.com,04222
alawdenbq,Archibald Lawden,alawdenbq@quantcast.com,5
ajoretbr,Ainsley Joret,ajoretbr@hatena.ne.jp,87
cpaikebs,Cammy Paike,cpaikebs@who.int,99019
nwyperbt,Nerissa Wyper,nwyperbt@taobao.com,2
hjoanbu,Holly-anne Joan,hjoanbu@toplist.cz,600
ccarelessbv,Chan Careless,ccarelessbv@kickstarter.com,8122
kbohlensbw,Katrinka Bohlens,kbohlensbw@smugmug.com,8338
mmerringtonbx,Marcus Merrington,mmerringtonbx@nsw.gov.au,03881
schastelby,Saba Chastel,schastelby@biglobe.ne.jp,96
iinglesantbz,Isak Inglesant,iinglesantbz@mozilla.org,32
tjestecoc0,Terrye Jesteco,tjestecoc0@cam.ac.uk,8
dbengtsonc1,Dyan Bengtson,dbengtsonc1@fc2.com,384
eschneiderc2,Edwin Schneider,eschneiderc2@studiopress.com,774
hcolquhounc3,Harlene Colquhoun,hcolquhounc3@guardian.co.uk,00
especkc4,Erek Speck,especkc4@examiner.com,3325
ginglibyc5,Genevieve Ingliby,ginglibyc5@netlog.com,71151
vdyersonc6,Virgie Dyerson,vdyersonc6@ehow.com,9
dtrebblec7,Dorothea Trebble,dtrebblec7@twitpic.com,266
noliverasc8,Ninette Oliveras,noliverasc8@storify.com,98772
mevittsc9,Mae Evitts,mevittsc9@salon.com,01043
bbosquetca,Bonny Bosquet,bbosquetca@webeden.co.uk,70879
fdukecb,Frannie Duke,fdukecb@mysql.com,8
bhullincc,Benedikt Hullin,bhullincc@usgs.gov,9146
franklincd,Felice Ranklin,franklincd@ca.gov,651
cleirmonthce,Carlene Leirmonth,cleirmonthce@edublogs.org,5
taylwardcf,Teodor Aylward,taylwardcf@list-manage.com,974
kpoxsoncg,Koral Poxson,kpoxsoncg@moonfruit.com,4
dboseleych,Dory Boseley,dboseleych@cdc.gov,63
sbertolinci,Sigismondo Bertolin,sbertolinci@state.gov,01058
ddummercj,Dionisio Dummer,ddummercj@jalbum.net,98312
tfriaryck,Terrance Friary,tfriaryck@joomla.org,8471
ftorranscl,Ferris Torrans,ftorranscl@microsoft.com,461
tundycm,Tailor Undy,tundycm@ucla.edu,9341
vlintincn,Valene Lintin,vlintincn@mozilla.org,31440
mlapishco,Mathian Lapish,mlapishco@slideshare.net,3
coffordcp,Charlena Offord,coffordcp@globo.com,67
fdearnleycq,Fina Dearnley,fdearnleycq@mapquest.com,93352
lnorcopcr,Lizzie Norcop,lnorcopcr@google.de,2
rnethercottcs,Rois Nethercott,rnethercottcs@google.co.jp,2169
hmcguckenct,Herman McGucken,hmcguckenct@army.mil,29
wveracruyssecu,Willy Veracruysse,wveracruyssecu@patch.com,72118
kbillsoncv,Kerry Billson,kbillsoncv@apple.com,19
docw,Diana O' Hogan,docw@live.com,52198
cgyfordcx,Candie Gyford,cgyfordcx@nyu.edu,8
ggerlercy,Griffie Gerler,ggerlercy@nps.gov,036
tbecclescz,Theodoric Beccles,tbecclescz@xinhuanet.com,55095
sberried0,Stephana Berrie,sberried0@diigo.com,999
amertind1,Andrew Mertin,amertind1@elpais.com,13
eloinesd2,Elisabetta Loines,eloinesd2@adobe.com,9924
udwelleyd3,Urbano Dwelley,udwelleyd3@admin.ch,62683
ffaslerd4,Findlay Fasler,ffaslerd4@timesonline.co.uk,72
mdavissond5,Mervin Davisson,mdavissond5@uol.com.br,8
bgregoracid6,Brinn Gregoraci,bgregoracid6@house.gov,81
gcharplingd7,Garry Charpling,gcharplingd7@i2i.jp,4
gcootd8,Glen Coot,gcootd8@storify.com,596
rahlind9,Ransom Ahlin,rahlind9@wordpress.com,5006
blysteda,Ber Lyste,blysteda@purevolume.com,27001
smatveyevdb,Sutherlan Matveyev,smatveyevdb@blogtalkradio.com,23
lricoalddc,Liesa Ricoald,lricoalddc@discovery.com,69
cfigindd,Cly Figin,cfigindd@paginegialle.it,424
tguwerde,Teddy Guwer,tguwerde@edublogs.org,14040
astanettdf,Abrahan Stanett,astanettdf@soup.io,7379
msikorskydg,Marlo Sikorsky,msikorskydg@forbes.com,58870
sphillpotdh,Shea Phillpot,sphillpotdh@hubpages.com,5
pmatchettdi,Polly Matchett,pmatchettdi@umn.edu,2946
dcurrdj,Donall Curr,dcurrdj@shareasale.com,3252
akeydk,Abby Key,akeydk@army.mil,11
tcartmandl,Thorsten Cartman,tcartmandl@blogspot.com,1643
mnertneydm,Mignonne Nertney,mnertneydm@cnn.com,97303
mbrummittdn,Marni Brummitt,mbrummittdn@mapy.cz,94
cpowersdo,Chantal Powers,cpowersdo@sogou.com,81223
dcraiggdp,Durward Craigg,dcraiggdp@sciencedirect.com,32487
cskippingsdq,Cati Skippings,cskippingsdq@fda.gov,634
bdawidowiczdr,Burke Dawidowicz,bdawidowiczdr@github.com,624
ffranklinds,Franciska Franklin,ffranklinds@forbes.com,7081
evanichkovdt,Emily Vanichkov,evanichkovdt@tripod.com,58
cugonidu,Cherilynn Ugoni,cugonidu@washington.edu,5612
rosipovdv,Rosa Osipov,rosipovdv@woothemes.com,3178
snurdindw,Syd Nurdin,snurdindw@harvard.edu,88
cgilforddx,Corey Gilford,cgilforddx@baidu.com,2
eschurigdy,Elle Schurig,eschurigdy@archive.org,1
rdanterdz,Rockwell Danter,rdanterdz@yelp.com,980
aovitze0,Ardath Ovitz,aovitze0@bbb.org,87
arookee1,Allene Rooke,arookee1@mozilla.com,6592
nlarriee2,Nike Larrie,nlarriee2@walmart.com,30058
dkleinholze3,Dyan Kleinholz,dkleinholze3@ft.com,4
enormande4,Estella Normand,enormande4@cnet.com,8
dbyrde5,Demetria Byrd,dbyrde5@topsy.com,504
pmarte6,Penn Mart,pmarte6@go.com,6983
bulrike7,Benson Ulrik,bulrike7@cisco.com,51
hsoamese8,Heinrik Soames,hsoamese8@barnesandnoble.com,6
fbeevore9,Feodora Beevor,fbeevore9@discovery.com,5
hoadeea,Haley Oade,hoadeea@yolasite.com,92
dhatchetteeb,Darby Hatchette,dhatchetteeb@google.com.br,50298
rhagstoneec,Rip Hagstone,rhagstoneec@gizmodo.com,04236
kwaterfielded,Kareem Waterfield,kwaterfielded@kickstarter.com,1
lpresseree,Linus Presser,lpresseree@wufoo.com,364
ebarrettef,Elfreda Barrett,ebarrettef@stanford.edu,1
skerineg,Spike Kerin,skerineg@dion.ne.jp,68738
dbeltoneh,Daron Belton,dbeltoneh@si.edu,50036
cattwillei,Celestina Attwill,cattwillei@surveymonkey.com,86
pcarrellej,Peri Carrell,pcarrellej@lycos.com,0137
fchateek,Fania Chate,fchateek@friendfeed.com,212
mspandleyel,Min Spandley,mspandleyel@samsung.com,135
kgravieem,Kevin Gravie,kgravieem@google.cn,848
nlaythamen,Natty Laytham,nlaythamen@miibeian.gov.cn,8490
lelvidgeeo,Leigh Elvidge,lelvidgeeo@miitbeian.gov.cn,9132
cdiep,Claude Di Pietro,cdiep@infoseek.co.jp,09099
agransdeneq,Anallese Gransden,agransdeneq@redcross.org,1551
ulubmaner,Udell Lubman,ulubmaner@sakura.ne.jp,749
jpeaplees,Julissa Peaple,jpeaplees@tmall.com,849
aelwoodet,Alta Elwood,aelwoodet@ox.ac.uk,394
fgilhouleyeu,Fancy Gilhouley,fgilhouleyeu@blogtalkradio.com,71360
smayworthev,Stafford Mayworth,smayworthev@wikimedia.org,790
mcrosselandew,Michaeline Crosseland,mcrosselandew@trellian.com,6021
fwrenchex,Fabe Wrench,fwrenchex@booking.com,5701
bhollingsbyey,Bourke Hollingsby,bhollingsbyey@pen.io,9
sfibbingsez,Sonya Fibbings,sfibbingsez@php.net,7
rcantwellf0,Rea Cantwell,rcantwellf0@vkontakte.ru,8542
clistf1,Curtis List,clistf1@dmoz.org,09084
pglindef2,Pace Glinde,pglindef2@tinyurl.com,00231
acossarf3,Alaine Cossar,acossarf3@newsvine.com,53872
sbolinof4,Stefan Bolino,sbolinof4@istockphoto.com,2573
kpettifordf5,Kameko Pettiford,kpettifordf5@apache.org,285
jdowlef6,Jaquenette Dowle,jdowlef6@technorati.com,85072
faltreef7,Falito Altree,faltreef7@go.com,432
dblakeboroughf8,Dermot Blakeborough,dblakeboroughf8@flavors.me,92
mpeskinf9,Marve Peskin,mpeskinf9@networksolutions.com,049
knesterovfa,Kiah Nesterov,knesterovfa@nydailynews.com,87
lsabatierfb,Lynea Sabatier,lsabatierfb@netscape.com,4449
nmatusiakfc,Ned Matusiak,nmatusiakfc@domainmarket.com,97687
tmillsonfd,Tatiana Millson,tmillsonfd@nationalgeographic.com,503
srunciemanfe,Sioux Runcieman,srunciemanfe@pbs.org,7663
conslowff,Candy Onslow,conslowff@skype.com,90
hbuffyfg,Hyman Buffy,hbuffyfg@drupal.org,37738
tcostockfh,Terrance Costock,tcostockfh@ning.com,68
agronallerfi,Adria Gronaller,agronallerfi@usatoday.com,60634
lgrzegorzewiczfj,Lianna Grzegorzewicz,lgrzegorzewiczfj@biglobe.ne.jp,0514
ccostellfk,Claudia Costell,ccostellfk@tripod.com,77136
mzorzifl,Marlyn Zorzi,mzorzifl@ebay.com,1825
smonseyfm,Sal Monsey,smonseyfm@google.fr,862
chamlingtonfn,Corina Hamlington,chamlingtonfn@i2i.jp,2281
rdruittfo,Rena Druitt,rdruittfo@reddit.com,35225
wureyfp,Westbrooke Urey,wureyfp@state.tx.us,945
cclouttfq,Cyril Cloutt,cclouttfq@photobucket.com,056
mwalbridgefr,Marchall Walbridge,mwalbridgefr@drupal.org,9132
apletfs,Ardis Plet,apletfs@whitehouse.gov,49
tlotonft,Tani Loton,tlotonft@lycos.com,1
cbondyfu,Carl Bondy,cbondyfu@nymag.com,868
vwortfv,Viki Wort,vwortfv@google.com.br,61
emoncasterfw,Elsa Moncaster,emoncasterfw@arizona.edu,6
mveldmanfx,Marlow Veldman,mveldmanfx@mapy.cz,733
vfarquharsonfy,Vina Farquharson,vfarquharsonfy@barnesandnoble.com,2
tedmonstonfz,Torrie Edmonston,tedmonstonfz@state.tx.us,1
pwalsomg0,Phineas Walsom,pwalsomg0@livejournal.com,2
daveng1,Dev Aven,daveng1@a8.net,2
lmanachg2,Ly Manach,lmanachg2@tripadvisor.com,04067
osturgisg3,Oliy Sturgis,osturgisg3@usa.gov,70
eskittrallg4,Emmalynn Skittrall,eskittrallg4@pbs.org,91780
ewadhamsg5,Engelbert Wadhams,ewadhamsg5@globo.com,47
ftiebeg6,Francklyn Tiebe,ftiebeg6@microsoft.com,789
alamking7,Angy Lamkin,alamking7@europa.eu,8
lhandmang8,Ludovika Handman,lhandmang8@sfgate.com,3
abattailleg9,Ange Battaille,abattailleg9@google.ru,16688
scollopga,Sandie Collop,scollopga@gizmodo.com,447
agreenroddgb,Andree Greenrodd,agreenroddgb@constantcontact.com,15133
pmarvelgc,Phil Marvel,pmarvelgc@odnoklassniki.ru,70264
cwonggd,Corty Wong,cwonggd@theatlantic.com,61125
mpuckhamge,Marten Puckham,mpuckhamge@google.cn,442
cshervillegf,Carmon Sherville,cshervillegf@vimeo.com,45
ljehugg,Lindsey Jehu,ljehugg@studiopress.com,53
cpeakmangh,Clair Peakman,cpeakmangh@exblog.jp,4430
wdaneluttigi,Winona Danelutti,wdaneluttigi@ucla.edu,28485
emarchentgj,Eadmund Marchent,emarchentgj@ft.com,6244
kjanikowskigk,Kaitlyn Janikowski,kjanikowskigk@bbb.org,61
emartyntsevgl,Em Martyntsev,emartyntsevgl@aol.com,1
oeakleegm,Orelia Eaklee,oeakleegm@seesaa.net,166
crowatgn,Clari Rowat,crowatgn@angelfire.com,71467
kcolliardgo,Kiel Colliard,kcolliardgo@merriam-webster.com,37
brayegp,Bunni Raye,brayegp@lycos.com,4
gproudlovegq,Gene Proudlove,gproudlovegq@uiuc.edu,0487
swhitchergr,Sissy Whitcher,swhitchergr@eventbrite.com,0
grufflesgs,Galina Ruffles,grufflesgs@mapy.cz,940
klazargt,Kirk Lazar,klazargt@usda.gov,16641
mcorfieldgu,Marsha Corfield,mcorfieldgu@example.com,3
bvenusgv,Brita Venus,bvenusgv@sourceforge.net,24857
hivakhnogw,Hanan Ivakhno,hivakhnogw@hibu.com,922
cbrockingtongx,Codie Brockington,cbrockingtongx@independent.co.uk,32
crosettinigy,Cyb Rosettini,crosettinigy@disqus.com,26541
jnormanvillegz,Jaynell Normanville,jnormanvillegz@theglobeandmail.com,31
kmcenteggarth0,Koressa McEnteggart,kmcenteggarth0@angelfire.com,7319
dkemeth1,Devin Kemet,dkemeth1@infoseek.co.jp,70
bquinceyh2,Broddy Quincey,bquinceyh2@umn.edu,8113
ctillyerh3,Carly Tillyer,ctillyerh3@unesco.org,23
eandreeh4,Esme Andree,eandreeh4@hud.gov,5421
jwoolardh5,Jemmy Woolard,jwoolardh5@ibm.com,502
mbarfooth6,Mabelle Barfoot,mbarfooth6@elpais.com,254
onieldh7,Ottilie Nield,onieldh7@seesaa.net,1564
pburleyh8,Paulita Burley,pburleyh8@godaddy.com,7718
acashmoreh9,Alwin Cashmore,acashmoreh9@illinois.edu,2
msneydha,Melody Sneyd,msneydha@timesonline.co.uk,81864
nbenittihb,Nathan Benitti,nbenittihb@goo.ne.jp,47
fpimlotthc,Fabio Pimlott,fpimlotthc@ycombinator.com,23300
rliversleyhd,Rozele Liversley,rliversleyhd@china.com.cn,35
bparadehe,Berty Parade,bparadehe@ft.com,862
ybirneyhf,Yorker Birney,ybirneyhf@ucoz.com,6
dancketillhg,Dayna Ancketill,dancketillhg@google.com.hk,35
mpanchenhh,Marys Panchen,mpanchenhh@mlb.com,8913
heagarhi,Hattie Eagar,heagarhi@goodreads.com,57
fpitchfordhj,Filia Pitchford,fpitchfordhj@smugmug.com,1784
lpickhk,Lynn Pick,lpickhk@printfriendly.com,04
rsnellinghl,Raphael Snelling,rsnellinghl@admin.ch,8944
mlilleymanhm,Marice Lilleyman,mlilleymanhm@oakley.com,464
john,Juieta O' Reagan,john@hexun.com,37003
gweldsho,Glenna Welds,gweldsho@amazon.de,82
dshanehp,Dasi Shane,dshanehp@barnesandnoble.com,82189
adevonsidehq,Amberly Devonside,adevonsidehq@scientificamerican.com,52
oberriganhr,Orland Berrigan,oberriganhr@surveymonkey.com,889
ndyhousehs,Nyssa Dyhouse,ndyhousehs@hexun.com,5354
strewinht,Shelby Trewin,strewinht@usa.gov,137
bkindreadhu,Bink Kindread,bkindreadhu@samsung.com,2696
aetuckhv,Arne Etuck,aetuckhv@yolasite.com,28
gcuerdalehw,Graeme Cuerdale,gcuerdalehw@oaic.gov.au,9
sbussonhx,Sabrina Busson,sbussonhx@cafepress.com,97
ncastagnehy,Nil Castagne,ncastagnehy@cam.ac.uk,880
sswinyardhz,Sherlock Swinyard,sswinyardhz@wikia.com,9473
kaveyi0,Kellyann Avey,kaveyi0@bandcamp.com,4
pfantii1,Pen Fanti,pfantii1@uol.com.br,297
mdei2,Marabel De Vaux,mdei2@senate.gov,12791
hfitchelli3,Henrieta Fitchell,hfitchelli3@hatena.ne.jp,07
eseatteri4,Elyssa Seatter,eseatteri4@barnesandnoble.com,7
fchilcotti5,Flora Chilcott,fchilcotti5@forbes.com,0965
tglavesi6,Thaddeus Glaves,tglavesi6@auda.org.au,6057
bwakeleyi7,Bobina Wakeley,bwakeleyi7@people.com.cn,609
asummonsi8,Arabela Summons,asummonsi8@npr.org,62
rconyeri9,Regen Conyer,rconyeri9@4shared.com,406
pwhitleyia,Perle Whitley,pwhitleyia@dot.gov,68
dscrivinerib,Dorolisa Scriviner,dscrivinerib@ft.com,65
aphilcoxic,Angelika Philcox,aphilcoxic@rediff.com,596
mvardyid,Mar Vardy,mvardyid@reverbnation.com,47735
vjentleie,Vanna Jentle,vjentleie@storify.com,7
rcosinsif,Roley Cosins,rcosinsif@geocities.com,42
kmackintoshig,Kit MacKintosh,kmackintoshig@oakley.com,9
kserrellih,Keith Serrell,kserrellih@histats.com,06437
qmcnuttii,Querida McNutt,qmcnuttii@dmoz.org,388
ecanningsij,Elwood Cannings,ecanningsij@example.com,0
bfistik,Boniface Fist,bfistik@google.de,71349
agerckeil,Aarika Gercke,agerckeil@google.com,702
gcoutthartim,Gifford Coutthart,gcoutthartim@dion.ne.jp,730
nherrerosin,Nata Herreros,nherrerosin@goo.ne.jp,2252
tcodlingio,Tabbi Codling,tcodlingio@ow.ly,19596
rsummergillip,Reinhard Summergill,rsummergillip@pinterest.com,72
dweichiq,Donny Weich,dweichiq@goo.gl,4761
cgrossierir,Cindi Grossier,cgrossierir@github.com,784
ldessonis,Lucila Desson,ldessonis@wikipedia.org,796
hkleimtit,Haroun Kleimt,hkleimtit@acquirethisname.com,77999
awyldiu,Axe Wyld,awyldiu@washingtonpost.com,04091
ascholliv,Angie Scholl,ascholliv@nih.gov,73642
tissardiw,Tadd Issard,tissardiw@time.com,931
rmogfordix,Rubina Mogford,rmogfordix@usda.gov,98616
aboobieriy,Andrea Boobier,aboobieriy@ehow.com,8
pfelderiz,Pier Felder,pfelderiz@over-blog.com,38297
djoannetj0,Denyse Joannet,djoannetj0@t-online.de,00408
aweatherheadj1,Alvinia Weatherhead,aweatherheadj1@nydailynews.com,16069
sgarforthj2,Shaylah Garforth,sgarforthj2@mail.ru,41
sconnj3,Sebastiano Conn,sconnj3@hubpages.com,6483
sabramamovj4,Sarina Abramamov,sabramamovj4@cam.ac.uk,334
sgennerj5,Sallee Genner,sgennerj5@mozilla.com,66
rmacveighj6,Renard Macveigh,rmacveighj6@google.fr,26
kgrigoryovj7,Kelly Grigoryov,kgrigoryovj7@smh.com.au,154
lwhittleseaj8,Loise Whittlesea,lwhittleseaj8@wiley.com,5
vausielloj9,Vite Ausiello,vausielloj9@nsw.gov.au,5
sthomeja,Sissy Thome,sthomeja@multiply.com,2872
owhordleyjb,Oralia Whordley,owhordleyjb@php.net,3
rosbournjc,Roselin Osbourn,rosbournjc@ucoz.ru,7504
tblayneyjd,Tonnie Blayney,tblayneyjd@posterous.com,71
athorntondewhirstje,Ardine Thornton-Dewhirst,athorntondewhirstje@wired.com,4403
dshurrockjf,Dom Shurrock,dshurrockjf@tripadvisor.com,70
hgerbeljg,Halley Gerbel,hgerbeljg@nhs.uk,0369
ldurrandjh,Lari Durrand,ldurrandjh@ezinearticles.com,5275
kfrancoisji,Kimbra Francois,kfrancoisji@foxnews.com,3
prippingalljj,Padraig Rippingall,prippingalljj@tinypic.com,97286
cvolkerjk,Clarice Volker,cvolkerjk@t-online.de,479
apywelljl,Aleece Pywell,apywelljl@netlog.com,443
sdabbotdoylejm,Susie D'Abbot-Doyle,sdabbotdoylejm@shutterfly.com,857
cdrueljn,Chas D'Ruel,cdrueljn@discuz.net,5719
callansonjo,Cymbre Allanson,callansonjo@accuweather.com,95570
hcolecroughjp,Hurley Colecrough,hcolecroughjp@java.com,7609
mhyronsjq,Maggy Hyrons,mhyronsjq@histats.com,4
ahextjr,Alastair Hext,ahextjr@weather.com,30965
blabuschagnejs,Bidget Labuschagne,blabuschagnejs@purevolume.com,3
mbarnwelljt,Madlen Barnwell,mbarnwelljt@dedecms.com,3
ddumkeju,Devin Dumke,ddumkeju@craigslist.org,2
ejedrasjv,Emeline Jedras,ejedrasjv@go.com,98
rsheppardjw,Reider Sheppard,rsheppardjw@google.nl,40514
kknewstubbjx,Katti Knewstubb,kknewstubbjx@acquirethisname.com,54
hriddalljy,Harp Riddall,hriddalljy@ibm.com,86
vneissenjz,Vanny Neissen,vneissenjz@huffingtonpost.com,6
bletticek0,Benedetto Lettice,bletticek0@etsy.com,8055
shennerk1,Sari Henner,shennerk1@domainmarket.com,29
gdarlastonk2,Ginger Darlaston,gdarlastonk2@blinklist.com,2
abridgewoodk3,Alyda Bridgewood,abridgewoodk3@etsy.com,745
sesplink4,Shena Esplin,sesplink4@exblog.jp,8583
mloadsk5,Melba Loads,mloadsk5@hatena.ne.jp,5
jsandlek6,Jerry Sandle,jsandlek6@unblog.fr,5625
gsiemianowiczk7,Glori Siemianowicz,gsiemianowiczk7@ca.gov,1881
spittelk8,Saunder Pittel,spittelk8@networksolutions.com,996
eyuranovevk9,Elnora Yuranovev,eyuranovevk9@patch.com,1026
cvolanteka,Caitrin Volante,cvolanteka@shareasale.com,8346
asidwickkb,Arin Sidwick,asidwickkb@omniture.com,8
lpownallkc,Lishe Pownall,lpownallkc@salon.com,54
dsiddlekd,Dunc Siddle,dsiddlekd@eepurl.com,3
zjeschnerke,Zach Jeschner,zjeschnerke@reference.com,7769
rlileykf,Ruddie Liley,rlileykf@so-net.ne.jp,311
vcarlingkg,Vivianna Carling,vcarlingkg@aboutads.info,11118
rstarckskh,Roley Starcks,rstarckskh@ucoz.ru,57
cspeedinki,Chip Speedin,cspeedinki@g.co,048
tnewlankj,Townsend Newlan,tnewlankj@yahoo.co.jp,08236
gsempillkk,Geralda Sempill,gsempillkk@walmart.com,2
rdewiskl,Rick Dewis,rdewiskl@addtoany.com,253
gmckewkm,Gaylord McKew,gmckewkm@vinaora.com,5
ptatamkn,Pren Tatam,ptatamkn@msn.com,08767
rcoulingko,Rodge Couling,rcoulingko@tripod.com,0
mcanetekp,Marne Canete,mcanetekp@discovery.com,9
wmuffinkq,Wildon Muffin,wmuffinkq@ow.ly,023
okillichkr,Osgood Killich,okillichkr@hhs.gov,3
nbillinks,Ninon Billin,nbillinks@people.com.cn,144
aplumtreekt,Avery Plumtree,aplumtreekt@exblog.jp,4
cbathamku,Curr Batham,cbathamku@symantec.com,984
kninniskv,Kipp Ninnis,kninniskv@goo.gl,9070
aspourskw,Alberto Spours,aspourskw@usatoday.com,6339
gmoulderkx,Gerry Moulder,gmoulderkx@eepurl.com,37
npriddisky,Nick Priddis,npriddisky@wsj.com,54
lcliftonkz,Leonie Clifton,lcliftonkz@live.com,60
bmangonl0,Bastian Mangon,bmangonl0@surveymonkey.com,692
pstollbergl1,Parrnell Stollberg,pstollbergl1@google.co.uk,790
bdowningl2,Betsey Downing,bdowningl2@dailymail.co.uk,3265
adaishl3,Abbot Daish,adaishl3@nasa.gov,6
clindholml4,Candide Lindholm,clindholml4@telegraph.co.uk,79
chandscombl5,Caty Handscomb,chandscombl5@google.ru,9
bcoursonl6,Bruce Courson,bcoursonl6@sogou.com,294
bsibbsl7,Blane Sibbs,bsibbsl7@google.com.hk,915
ztomlinl8,Zabrina Tomlin,ztomlinl8@shareasale.com,97
tcallearl9,Truda Callear,tcallearl9@issuu.com,42
clotheanla,Cristiano Lothean,clotheanla@twitpic.com,67
dfishleighlb,Dalli Fishleigh,dfishleighlb@forbes.com,615
swestfalenlc,Stan Westfalen,swestfalenlc@hugedomains.com,505
gcastiglionild,Geneva Castiglioni,gcastiglionild@netvibes.com,20
tcowlle,Tina Cowl,tcowlle@nba.com,53169
jheinschkelf,Julissa Heinschke,jheinschkelf@booking.com,62591
cjollisslg,Camille Jolliss,cjollisslg@mozilla.com,54
rdymocklh,Reggis Dymock,rdymocklh@woothemes.com,99
coatesli,Corrina Oates,coatesli@dmoz.org,08783
bjerschlj,Base Jersch,bjerschlj@utexas.edu,5
dbrontlk,Devonne Bront,dbrontlk@delicious.com,40
dbeckell,Denny Becke,dbeckell@state.gov,145
olydfordlm,Obed Lydford,olydfordlm@google.com.au,9655
cfairningtonln,Calli Fairnington,cfairningtonln@mashable.com,3823
jblenkinshiplo,Jephthah Blenkinship,jblenkinshiplo@mlb.com,7181
gnesbitlp,Gib Nesbit,gnesbitlp@trellian.com,52
sbampkinlq,Shandee Bampkin,sbampkinlq@vistaprint.com,67
alambregtslr,Alayne Lambregts,alambregtslr@hibu.com,60
jswinels,Jordanna Swine,jswinels@tumblr.com,4732
gtrentlt,Gaylord Trent,gtrentlt@wikispaces.com,5
drogeonlu,Daffi Rogeon,drogeonlu@ehow.com,74
cshilitolv,Culver Shilito,cshilitolv@geocities.com,4
dkynastonelw,Donovan Kynastone,dkynastonelw@123-reg.co.uk,04
hsteckingslx,Henrie Steckings,hsteckingslx@hc360.com,41001
cretchfordly,Christy Retchford,cretchfordly@fc2.com,43
acapslz,Adoree Caps,acapslz@comcast.net,62589
jnasim0,Jeromy Nasi,jnasim0@newsvine.com,9
mlalorm1,Mar Lalor,mlalorm1@irs.gov,7
wbrosinim2,Willem Brosini,wbrosinim2@symantec.com,92464
mverzeym3,Martie Verzey,mverzeym3@arizona.edu,2
jfloodm4,Jessie Flood,jfloodm4@sfgate.com,47594
ekennifickm5,Edgar Kennifick,ekennifickm5@google.com.br,7568
kwiersmam6,Kirsti Wiersma,kwiersmam6@marriott.com,344
tkinchleam7,Ted Kinchlea,tkinchleam7@blogspot.com,6201
sbottbym8,Sigmund Bottby,sbottbym8@dropbox.com,926
aeliffm9,Antonin Eliff,aeliffm9@dagondesign.com,259
lthirlwellma,Lydon Thirlwell,lthirlwellma@goo.gl,8696
lbarnissmb,Lazarus Barniss,lbarnissmb@harvard.edu,4292
tclevelandmc,Tybalt Cleveland,tclevelandmc@tripod.com,4
stwaitemd,Shelly Twaite,stwaitemd@sciencedaily.com,57044
rselfme,Roseline Self,rselfme@ocn.ne.jp,81
aburlesmf,Artemas Burles,aburlesmf@cbsnews.com,6
cbollenmg,Camile Bollen,cbollenmg@umich.edu,9943
bsherredmh,Brittney Sherred,bsherredmh@bbc.co.uk,5803
hmaulkinmi,Harriot Maulkin,hmaulkinmi@gravatar.com,00
fbrissendenmj,Felicle Brissenden,fbrissendenmj@slate.com,93625
rduffriemk,Rodrique Duffrie,rduffriemk@domainmarket.com,52718
cmallalieuml,Collin Mallalieu,cmallalieuml@t-online.de,10203
ppankethmanmm,Philis Pankethman,ppankethmanmm@time.com,5
csaziomn,Christyna Sazio,csaziomn@youtube.com,5953
mmelamo,Miof mela Marqyes,mmelamo@photobucket.com,3735
bdipplemp,Bryce Dipple,bdipplemp@technorati.com,9
scrocettomq,Sigrid Crocetto,scrocettomq@columbia.edu,8542
fnickersonmr,Fran Nickerson,fnickersonmr@webeden.co.uk,4582
erainforthms,Evangelia Rainforth,erainforthms@squarespace.com,77
dstillmanmt,Darb Stillman,dstillmanmt@hp.com,59
amehewmu,Ashely Mehew,amehewmu@purevolume.com,52076
kdmitrichenkomv,Keith Dmitrichenko,kdmitrichenkomv@tripod.com,3072
eackroydmw,Erick Ackroyd,eackroydmw@deliciousdays.com,17249
rbrabinmx,Robb Brabin,rbrabinmx@nbcnews.com,31
bsnedkermy,Bealle Snedker,bsnedkermy@1688.com,159
vfaltskogmz,Vallie Faltskog,vfaltskogmz@answers.com,591
ocapozzin0,Oralia Capozzi,ocapozzin0@wordpress.com,440
gmacilhaggan1,Gretta MacIlhagga,gmacilhaggan1@list-manage.com,268
esummersettn2,Essa Summersett,esummersettn2@fema.gov,19
rmallordn3,Rhodia Mallord,rmallordn3@sun.com,5126
dwhiskerdn4,Darrell Whiskerd,dwhiskerdn4@woothemes.com,74113
nhanbridgen5,Nial Hanbridge,nhanbridgen5@twitter.com,2042
dflacknoen6,Dolorita Flacknoe,dflacknoen6@issuu.com,29
skilmaryn7,Shepherd Kilmary,skilmaryn7@wufoo.com,7150
gcuxsonn8,Guenna Cuxson,gcuxsonn8@usgs.gov,01
gclevelandn9,Giselle Cleveland,gclevelandn9@google.com.br,19
dambroixna,Dov Ambroix,dambroixna@cornell.edu,494
hfurnessnb,Hildegaard Furness,hfurnessnb@springer.com,94
dgroutnc,Doug Grout,dgroutnc@redcross.org,85
bgillisonnd,Benjamin Gillison,bgillisonnd@si.edu,4650
fkeoghne,Faber Keogh,fkeoghne@ted.com,26033
msennettnf,Meredithe Sennett,msennettnf@nationalgeographic.com,6206
sgerransng,Stanton Gerrans,sgerransng@fema.gov,61372
amarionnh,Aubree Marion,amarionnh@ycombinator.com,5903
ckinseyni,Colin Kinsey,ckinseyni@mapy.cz,14
apuddlenj,Alicea Puddle,apuddlenj@opensource.org,4
pritzmannk,Pippy Ritzman,pritzmannk@drupal.org,267
readmeadesnl,Roderic Eadmeades,readmeadesnl@archive.org,0898
tbriancenm,Tiffanie Briance,tbriancenm@tamu.edu,1
cfennessynn,Cindra Fennessy,cfennessynn@google.co.jp,6032
anewberyno,Aldis Newbery,anewberyno@deviantart.com,042
clavallnp,Curran Lavall,clavallnp@wsj.com,212
bfitchellnq,Bonnee Fitchell,bfitchellnq@biglobe.ne.jp,5
kdinr,Katalin Di Roberto,kdinr@discuz.net,85
lsilberns,Lind Silber,lsilberns@mayoclinic.com,52913
greinernt,Geraldine Reiner,greinernt@wordpress.org,87
jbarsbynu,Jenine Barsby,jbarsbynu@un.org,36604
nkondratenkonv,Nickey Kondratenko,nkondratenkonv@github.io,27
sgoresnw,Sunny Gores,sgoresnw@imageshack.us,4
hkilohnx,Hetti Kiloh,hkilohnx@businessweek.com,76410
mdeganny,Murial Degan,mdeganny@lycos.com,0
vgodbeherenz,Viviyan Godbehere,vgodbeherenz@hhs.gov,765
wdrohaneo0,Ward Drohane,wdrohaneo0@1und1.de,13745
jfincio1,Joycelin Finci,jfincio1@youtu.be,822
bskirrowo2,Biddy Skirrow,bskirrowo2@ucoz.ru,78944
pyendleo3,Petronia Yendle,pyendleo3@de.vu,63
lrogero4,Lavena Roger,lrogero4@bizjournals.com,2376
mpinkstoneo5,Marty Pinkstone,mpinkstoneo5@answers.com,0086
coldfieldo6,Chelsey Oldfield,coldfieldo6@skyrock.com,934
mribeyo7,Milt Ribey,mribeyo7@examiner.com,8988
vpachtao8,Valentine Pachta,vpachtao8@usnews.com,41
wubsdallo9,Wyatt Ubsdall,wubsdallo9@newsvine.com,539
smintyoa,Shoshana Minty,smintyoa@webnode.com,66
afairbanksob,Aurelia Fairbanks,afairbanksob@photobucket.com,4
jlevenskyoc,Jacquelynn Levensky,jlevenskyoc@friendfeed.com,478
jtozerod,Joann Tozer,jtozerod@hc360.com,8728
cminotoe,Calley Minot,cminotoe@over-blog.com,066
dsturtonof,Del Sturton,dsturtonof@fotki.com,7368
dkeenorog,Druci Keenor,dkeenorog@ebay.co.uk,067
gevelynoh,Gianni Evelyn,gevelynoh@acquirethisname.com,51
bsigarsoi,Belita Sigars,bsigarsoi@amazon.de,512
mfawdreyoj,Meryl Fawdrey,mfawdreyoj@fc2.com,47
cmillok,Chelsey Mill,cmillok@istockphoto.com,506
bmccotterol,Blair McCotter,bmccotterol@cam.ac.uk,54303
sawdeom,Sibley Awde,sawdeom@state.tx.us,001
lskittrellon,Linoel Skittrell,lskittrellon@people.com.cn,79
hflisheroo,Husain Flisher,hflisheroo@weebly.com,0
lseefeldtop,Lesya Seefeldt,lseefeldtop@histats.com,514
aowlneroq,Aprilette Owlner,aowlneroq@indiatimes.com,7
akarpolor,Alphonse Karpol,akarpolor@twitter.com,71797
dsegrottos,Dorrie Segrott,dsegrottos@jalbum.net,81054
calmeyot,Clo Almey,calmeyot@dailymail.co.uk,406
nnoseworthyou,Nealy Noseworthy,nnoseworthyou@jugem.jp,67
jaldredov,Jarred Aldred,jaldredov@usda.gov,76
epindarow,Erin Pindar,epindarow@mapquest.com,09756
hlarsenox,Hanny Larsen,hlarsenox@census.gov,9678
ijoseyoy,Ichabod Josey,ijoseyoy@is.gd,050
aanglissoz,Ardelle Angliss,aanglissoz@latimes.com,99017
lsmitherp0,Lexine Smither,lsmitherp0@pen.io,01595
kpavittp1,Kyrstin Pavitt,kpavittp1@cnbc.com,7
straillp2,Scotty Traill,straillp2@noaa.gov,57875
bhearnesp3,Buddie Hearnes,bhearnesp3@pen.io,14032
bgrimmolbyp4,Blakeley Grimmolby,bgrimmolbyp4@i2i.jp,370
nyeowellp5,Nomi Yeowell,nyeowellp5@patch.com,3552
cwhatsizep6,Carrol Whatsize,cwhatsizep6@dell.com,00
narbucklep7,Nicky Arbuckle,narbucklep7@yahoo.com,4
zasplenp8,Zuzana Asplen,zasplenp8@msu.edu,61
vfryattp9,Valery Fryatt,vfryattp9@list-manage.com,8893
hsedmanpa,Harrietta Sedman,hsedmanpa@vimeo.com,8793
snajarapb,Sibbie Najara,snajarapb@example.com,04
cwylemanpc,Corenda Wyleman,cwylemanpc@theglobeandmail.com,6814
sstartonpd,Scottie Starton,sstartonpd@ow.ly,6519
spaxfordepe,Sigismundo Paxforde,spaxfordepe@live.com,5
fbuttenpf,Foss Butten,fbuttenpf@gnu.org,7807
mbuncepg,Maisey Bunce,mbuncepg@aol.com,141
cilesph,Cello Iles,cilesph@wufoo.com,67
jbeynpi,Jecho Beyn,jbeynpi@phoca.cz,041
athiemepj,Amitie Thieme,athiemepj@latimes.com,19114
ccheakepk,Corabel Cheake,ccheakepk@twitpic.com,36
dchatainierpl,Dino Chatainier,dchatainierpl@delicious.com,95
msifflettpm,Murdoch Sifflett,msifflettpm@nhs.uk,607
rhallgatepn,Rosabella Hallgate,rhallgatepn@wordpress.org,7386
hrantoulpo,Heindrick Rantoul,hrantoulpo@narod.ru,7
calwenpp,Carole Alwen,calwenpp@hhs.gov,57295
krowleypq,Katalin Rowley,krowleypq@twitpic.com,307
fchoulertonpr,Frankie Choulerton,fchoulertonpr@irs.gov,4307
jgoulthorpps,Julianna Goulthorp,jgoulthorpps@friendfeed.com,62679
rethridgept,Raimondo Ethridge,rethridgept@sina.com.cn,88
kchasemorepu,Kain Chasemore,kchasemorepu@fastcompany.com,939
jpfaffelpv,Janaye Pfaffel,jpfaffelpv@uol.com.br,699
nmaddafordpw,Nedi Maddaford,nmaddafordpw@cbsnews.com,425
cpreenepx,Candida Preene,cpreenepx@t.co,53289
cmilnthorpepy,Chad Milnthorpe,cmilnthorpepy@exblog.jp,5870
bbidewelpz,Brooke Bidewel,bbidewelpz@cmu.edu,5161
kmctrusteyq0,Kenny McTrustey,kmctrusteyq0@odnoklassniki.ru,39
cbarrusq1,Cristal Barrus,cbarrusq1@imgur.com,2282
trisebrowq2,Thomas Risebrow,trisebrowq2@cnet.com,6726
tandrzejq3,Tarra Andrzej,tandrzejq3@vistaprint.com,00809
sevreuxq4,Stephie Evreux,sevreuxq4@oracle.com,68
rsibbsonq5,Reyna Sibbson,rsibbsonq5@dedecms.com,8
jbiffinq6,Joscelin Biffin,jbiffinq6@chicagotribune.com,850
rswantonq7,Rubetta Swanton,rswantonq7@behance.net,9
srobroseq8,Sampson Robrose,srobroseq8@gov.uk,03121
sprugelq9,Shayne Prugel,sprugelq9@gov.uk,055
sthackerqa,Shamus Thacker,sthackerqa@latimes.com,957
ljandakqb,Levin Jandak,ljandakqb@vistaprint.com,0644
smccullenqc,Saxon McCullen,smccullenqc@slideshare.net,02760
lbeakqd,Luise Beak,lbeakqd@ycombinator.com,7238
jbrainsbyqe,Jany Brainsby,jbrainsbyqe@digg.com,97885
bslemmondsqf,Bearnard Slemmonds,bslemmondsqf@seattletimes.com,28
eallingtonqg,Edd Allington,eallingtonqg@auda.org.au,450
dpainqh,Dewey Pain,dpainqh@people.com.cn,08
vfullagerqi,Vilma Fullager,vfullagerqi@nbcnews.com,6043
cjaysqj,Cello Jays,cjaysqj@usgs.gov,83
mdronqk,Mickey Dron,mdronqk@weather.com,70
aalleryql,Austina Allery,aalleryql@desdev.cn,055
aciciottiqm,Astrix Ciciotti,aciciottiqm@rakuten.co.jp,6
npfertnerqn,Nathan Pfertner,npfertnerqn@npr.org,3455
fbrandhamqo,Findley Brandham,fbrandhamqo@slate.com,963
dmaberqp,Demetri Maber,dmaberqp@vk.com,148
mburkqq,Mikaela Burk,mburkqq@msu.edu,8
cbuessenqr,Claudelle Buessen,cbuessenqr@apple.com,73836
ptethcoteqs,Philomena Tethcote,ptethcoteqs@booking.com,04
ayonqt,Aile Yon,ayonqt@surveymonkey.com,42
jferencziqu,Johny Ferenczi,jferencziqu@ycombinator.com,33
hricketsqv,Haley Rickets,hricketsqv@mapy.cz,69870
wflandersqw,Willem Flanders,wflandersqw@answers.com,4
mfilonqx,Mireille Filon,mfilonqx@yandex.ru,4
jdaddsqy,Jerri Dadds,jdaddsqy@samsung.com,970
ereardenqz,Edsel Rearden,ereardenqz@aboutads.info,51
chenighanr0,Clem Henighan,chenighanr0@vkontakte.ru,3453
kskerrittr1,Kele Skerritt,kskerrittr1@vinaora.com,8
karchboldr2,Kippie Archbold,karchboldr2@bloomberg.com,83
ggreatbanksr3,Gwendolyn Greatbanks,ggreatbanksr3@admin.ch,947
aattor4,Alyssa Atto,aattor4@github.io,6
jpaulyr5,Joelle Pauly,jpaulyr5@who.int,532
hgoreisrr6,Herve Goreisr,hgoreisrr6@smugmug.com,94
heliezr7,Henrie Eliez,heliezr7@abc.net.au,06060
ghunstonr8,Guglielmo Hunston,ghunstonr8@craigslist.org,4709
qconnichier9,Quintus Connichie,qconnichier9@behance.net,9
hzettlerra,Holden Zettler,hzettlerra@about.me,077
daymerichrb,Diannne Aymerich,daymerichrb@fastcompany.com,6144
chockingrc,Corly Hocking,chockingrc@ucsd.edu,21
tegerd,Tomasina Ege,tegerd@businesswire.com,2
gelizabethre,Gabi Elizabeth,gelizabethre@mozilla.com,882
granklingrf,Gwendolin Rankling,granklingrf@comsenz.com,6
qlegraverg,Quentin Legrave,qlegraverg@sbwire.com,0667
dpurbrickrh,Doyle Purbrick,dpurbrickrh@cafepress.com,814
yocannovaneri,Yasmeen O'Cannovane,yocannovaneri@google.ca,8
thasellrj,Tim Hasell,thasellrj@twitter.com,923
ldohertyrk,Lee Doherty,ldohertyrk@vinaora.com,4
apannamanrl,Alica Pannaman,apannamanrl@samsung.com,93595
abamlettrm,Almeta Bamlett,abamlettrm@phoca.cz,37
rpoldingrn,Richardo Polding,rpoldingrn@cbsnews.com,7948
fdackero,Fleur Dacke,fdackero@google.it,3390
praymenrp,Phyllida Raymen,praymenrp@huffingtonpost.com,9629
aphillotrq,Alidia Phillot,aphillotrq@eepurl.com,9
mhartzogsrr,Modesta Hartzogs,mhartzogsrr@sohu.com,82556
